id;Nome;Sobrenome;Bairro
1;Endriw;Villa;São João
2;Guilherme ;Outro;Cidade Jardim 
3;Kleber;Villa;São João
4;Helena;Tereza;Limeira
5;Gustavo;Joana;Jardim do Bosque
6;Lucas;Silva;
7;João;Rodrigues;
8;José;Silva;
9;Segredim;Jesumar;
10;Safadim;Santos;
11;Moises;Tender;
12;Henrique;Sadia;
13;Matheus;Gustavim;
14;Judas;Morahi;
15;Alister;Mustafa;
16;Siclano;Nosei;
17;Outro;Percado;
18;Nosei;Criatividade;
19;Preguiça;Humana;
20;Homosapiem;Silva;
21;Rex;Zago;
22;Respotas;Erradas;
23;Uminuto;Testes;
24;Para;Nosei;
25;Outro;Silva;
26;Fim;Jozefh;
27;Domundo;Outro;
28;Respostas;Sem;
29;Umcaminho;Nosei;
30;Diferente;Diferenciado;
